id,height,weight,telephone,calendar
A0000000,154,71,061-7128-8516,2017-11-12
A0000001,200,67,842-1322-2982,2012-12-17
A0000002,147,70,365-9582-8679,2021-08-27
A0000003,149,114,059-7193-7010,2014-11-09
A0000004,192,118,117-6904-5333,2028-10-30
A0000005,179,118,687-1645-4928,2003-12-31
A0000006,157,97,589-6446-8273,2029-08-18
A0000007,152,57,271-9713-4257,2026-05-25
A0000008,174,89,908-1805-4507,2021-02-15
A0000009,140,62,122-1699-8315,2005-09-30
A0000010,169,93,752-9643-5924,2027-09-01
B0000000,168,43,462-7483-0048,2006-07-07
B0000001,172,109,384-7895-9077,2010-11-05
B0000002,163,44,030-5534-4936,2029-03-15
B0000003,188,104,651-4899-9907,2009-03-16
B0000004,191,83,286-9663-4368,2016-08-21
B0000005,169,58,322-8451-9743,2024-09-06
B0000006,149,59,896-5086-6836,2009-02-23
B0000007,210,62,128-5480-2366,2025-08-05
B0000008,207,78,213-8963-5843,2007-07-30
B0000009,148,102,352-4402-4551,2015-08-21
B0000010,163,60,044-7992-6789,2004-06-24
C0000000,173,61,732-8868-3864,2021-12-22
C0000001,184,60,401-1375-4958,2023-09-25
C0000002,200,64,711-3089-1583,2020-05-17
C0000003,177,110,916-8368-9484,2010-03-28
C0000004,155,90,190-2165-2825,2013-12-31
C0000005,197,41,233-7863-1437,2021-01-04
C0000006,160,73,862-5006-2585,2019-08-22
C0000007,149,111,289-9794-4159,2017-03-04
C0000008,185,109,543-5477-1178,2023-07-03
C0000009,179,74,955-5780-9644,2017-05-21
C0000010,186,43,444-2257-8390,2030-01-06
D0000000,166,86,500-1028-1082,2002-10-19
D0000001,210,110,823-5334-9140,2013-10-26
D0000002,159,104,646-4052-0551,2028-05-19
D0000003,145,85,015-9932-4691,2006-11-19
D0000004,181,96,667-6724-0877,2027-09-19
D0000005,149,105,405-1203-1969,2008-09-09
D0000006,180,78,612-8605-3443,2022-12-21
D0000007,159,89,644-7814-3702,2010-09-26
D0000008,194,60,377-4071-2440,2022-07-04
D0000009,209,80,387-5965-4761,2022-08-01
D0000010,189,61,014-5055-7452,2005-12-09
E0000000,181,50,066-6054-5523,2001-11-28
E0000001,198,118,661-9023-8372,2017-07-28
E0000002,198,78,294-4634-5899,2005-04-28
E0000003,156,116,779-4827-9983,2010-07-08
E0000004,167,64,182-7372-9511,2030-02-18
E0000005,153,50,859-8368-9517,2015-06-25
E0000006,187,114,044-9184-5200,2007-07-15
E0000007,171,118,355-2371-4487,2005-02-24
E0000008,192,47,755-1010-7671,2008-02-11
E0000009,205,102,487-6309-7006,2017-04-30
E0000010,203,108,900-8691-3592,2002-08-02
F0000000,191,68,511-5910-0328,2019-06-24
F0000001,207,70,794-4824-8903,2003-04-23
F0000002,169,54,665-5820-3232,2006-06-14
F0000003,205,43,926-0146-5501,2018-01-05
F0000004,145,114,193-1138-4730,2020-04-27
F0000005,207,93,000-6127-3101,2025-03-01
F0000006,202,83,326-2676-3116,2026-08-31
F0000007,196,93,988-5394-9186,2019-09-11
F0000008,184,104,344-6757-1762,2006-05-29
F0000009,162,102,330-2391-1982,2027-10-23
F0000010,147,78,140-2041-0232,2021-11-09
G0000000,207,45,109-9843-7150,2028-06-26
G0000001,161,47,463-0001-9914,2024-04-11
G0000002,148,113,797-2526-6702,2020-10-17
G0000003,161,76,062-3795-3686,2024-09-03
G0000004,148,85,291-0895-4795,2024-10-29
G0000005,178,87,669-2087-3085,2007-06-13
G0000006,190,43,375-3570-4315,2013-06-16
G0000007,194,65,951-8940-4767,2012-01-11
G0000008,191,105,114-0369-7052,2020-01-30
G0000009,149,83,574-1934-1245,2019-01-01
G0000010,167,118,928-7019-2828,2028-08-29
H0000000,155,88,386-7808-3248,2006-02-03
H0000001,194,53,168-4857-8179,2013-12-29
H0000002,153,65,881-1788-6737,2022-06-25
H0000003,162,56,023-6776-9954,2007-04-02
H0000004,206,108,458-9536-8925,2018-02-16
H0000005,188,40,737-4361-4449,2022-02-17
H0000006,202,79,191-0374-4721,2020-05-22
H0000007,192,110,275-3902-0520,2004-03-26
H0000008,200,84,185-7682-6102,2017-03-05
H0000009,146,92,731-5627-9406,2024-06-10
H0000010,179,63,704-0867-5295,2014-02-18
I0000000,184,90,418-9819-0548,2027-03-19
I0000001,201,40,884-0904-5334,2027-11-27
I0000002,163,104,437-8339-7952,2020-07-15
I0000003,181,71,353-3300-3328,2010-01-21
I0000004,170,75,465-2097-9604,2008-01-18
I0000005,210,97,305-1845-5361,2006-09-26
I0000006,191,71,464-8468-3286,2029-09-06
I0000007,176,77,901-0945-4244,2030-03-01
I0000008,161,96,826-7116-0722,2023-04-14
I0000009,194,116,250-4870-5512,2014-05-24
I0000010,202,76,487-8276-4652,2008-03-21
J0000000,182,103,564-6142-8873,2020-12-05
J0000001,193,116,468-3874-5041,2025-11-21
J0000002,171,92,119-5500-3524,2012-09-03
J0000003,153,84,886-0641-4033,2022-01-12
J0000004,198,95,506-5085-7752,2029-07-28
J0000005,205,79,995-6249-7152,2020-07-24
J0000006,198,120,286-2490-1085,2024-08-22
J0000007,149,103,903-5008-2130,2007-01-31
J0000008,197,61,620-4840-1094,2025-07-31
J0000009,191,101,992-5386-2914,2008-12-15
J0000010,160,94,151-2455-1754,2024-07-01
K0000000,160,81,408-5507-2697,2011-07-09
K0000001,195,98,386-6579-9667,2023-05-20
K0000002,184,90,718-1704-6502,2022-07-28
K0000003,144,71,060-6299-6135,2014-08-08
K0000004,153,75,294-7085-7042,2007-10-14
K0000005,161,83,832-3566-7963,2009-03-21
K0000006,154,47,810-6026-1496,2029-03-21
K0000007,197,81,279-0288-6065,2024-12-14
K0000008,200,114,085-9285-8625,2021-07-04
K0000009,156,105,012-9721-1856,2016-07-02
K0000010,142,86,128-1156-2180,2015-11-02
